{"stats":{"minecraft:picked_up":{"minecraft:white_carpet":1,"minecraft:stone_bricks":3,"minecraft:writable_book":1,"minecraft:birch_button":3,"minecraft:player_head":3,"minecraft:stripped_dark_oak_log":7,"minecraft:blue_carpet":2,"minecraft:dark_oak_trapdoor":1},"minecraft:used":{"minecraft:blue_carpet":1,"minecraft:birch_button":1,"minecraft:dark_oak_trapdoor":1,"minecraft:writable_book":7,"minecraft:white_carpet":2,"minecraft:written_book":11,"minecraft:player_head":3},"minecraft:custom":{"minecraft:open_barrel":13,"minecraft:time_since_rest":22831,"minecraft:open_chest":5,"minecraft:open_enderchest":3,"minecraft:crouch_one_cm":311,"minecraft:interact_with_loom":2,"minecraft:play_one_minute":22831,"minecraft:sprint_one_cm":11741,"minecraft:open_shulker_box":10,"minecraft:damage_taken":60,"minecraft:walk_one_cm":52509,"minecraft:sneak_time":250,"minecraft:walk_under_water_one_cm":4433,"minecraft:interact_with_anvil":3,"minecraft:interact_with_lectern":13,"minecraft:jump":169,"minecraft:interact_with_brewingstand":1,"minecraft:leave_game":1,"minecraft:time_since_death":22831,"minecraft:walk_on_water_one_cm":117,"minecraft:climb_one_cm":640,"minecraft:fall_one_cm":2953,"minecraft:fly_one_cm":67694},"minecraft:mined":{"minecraft:birch_button":1,"minecraft:player_wall_head":1,"minecraft:white_carpet":1,"minecraft:player_head":2}},"DataVersion":2586}